{"labels_3d": [0, 0, 0, 0, 0, 0, 0, 0, 0, 0], "scores_3d": [0.9750186204910278, 0.9681973457336426, 0.9457549452781677, 0.8903941512107849, 0.8890010118484497, 0.7703686952590942, 0.7552070021629333, 0.7058823108673096, 0.5815293788909912, 0.44100767374038696], "bboxes_3d": [[14.758340835571289, -1.0538733005523682, -1.5589320659637451, 3.75620436668396, 1.6059954166412354, 1.5587292909622192, -0.31324076652526855], [6.437817096710205, -3.8678977489471436, -1.7354888916015625, 3.147756576538086, 1.4600249528884888, 1.428439974784851, -0.2996116876602173], [8.112317085266113, 1.2169933319091797, -1.6341018676757812, 3.666238784790039, 1.573132872581482, 1.5916551351547241, 2.8161728382110596], [20.16983985900879, -8.431021690368652, -1.6689798831939697, 2.3815741539001465, 1.5175374746322632, 1.5693358182907104, -0.3255314826965332], [33.45577621459961, -7.035625457763672, -1.3376517295837402, 4.213856220245361, 1.7446368932724, 1.669695258140564, 2.8286447525024414], [55.62187576293945, -20.328441619873047, -1.3770794868469238, 4.370707035064697, 1.735962152481079, 1.7067025899887085, 2.8504085540771484], [3.6377904415130615, 2.7381272315979004, -1.6892178058624268, 3.720921754837036, 1.5820266008377075, 1.5177556276321411, -0.2304391860961914], [25.04092788696289, -10.15638256072998, -1.63254976272583, 3.739370346069336, 1.608506202697754, 1.4839898347854614, -0.3296760320663452], [28.725175857543945, -1.5525405406951904, -1.2024028301239014, 3.6942572593688965, 1.5429840087890625, 1.5610508918762207, 1.2416611909866333], [40.870849609375, -9.749043464660645, -1.3669278621673584, 3.8332834243774414, 1.6528757810592651, 1.5699527263641357, -0.2883836030960083]], "box_type_3d": "LiDAR"}